Detector,Descriptor,Selector,Img,TTC-Lidar,TTC-Cam,TTC-diff
SHITOMASI,BRISK,SEL_NN,1,12.9722,19.1295,-6.15732
SHITOMASI,BRISK,SEL_NN,2,12.264,14.4325,-2.16851
SHITOMASI,BRISK,SEL_NN,3,13.9161,14.1413,-0.22512
SHITOMASI,BRISK,SEL_NN,4,14.8865,14.8718,0.0147634
SHITOMASI,BRISK,SEL_NN,5,12.1873,13.4119,-1.22463
SHITOMASI,BRISK,SEL_NN,6,7.50199,13.5266,-6.02458
SHITOMASI,BRISK,SEL_NN,7,34.3404,13.4789,20.8615
SHITOMASI,BRISK,SEL_NN,8,18.7875,14.2028,4.58471
SHITOMASI,BRISK,SEL_NN,9,15.8894,11.5429,4.34648
SHITOMASI,BRISK,SEL_NN,10,13.7297,-inf,inf
SHITOMASI,BRISK,SEL_NN,11,10.4914,13.2654,-2.77398
SHITOMASI,BRISK,SEL_NN,12,10.1,12.0281,-1.92808
SHITOMASI,BRISK,SEL_NN,13,9.22307,12.5802,-3.35715
SHITOMASI,BRISK,SEL_NN,14,10.9678,12.675,-1.70725
SHITOMASI,BRISK,SEL_NN,15,8.09422,9.31344,-1.21922
SHITOMASI,BRISK,SEL_NN,16,8.81392,13.1274,-4.31345
SHITOMASI,BRISK,SEL_NN,17,10.2926,10.9452,-0.652615
SHITOMASI,BRISK,SEL_NN,18,8.30978,9.20014,-0.890364

SHITOMASI,BRISK,SEL_KNN,1,12.9722,13.9019,-0.929763
SHITOMASI,BRISK,SEL_KNN,2,12.264,11.3543,0.909752
SHITOMASI,BRISK,SEL_KNN,3,13.9161,13.4904,0.425737
SHITOMASI,BRISK,SEL_KNN,4,14.8865,12.398,2.48855
SHITOMASI,BRISK,SEL_KNN,5,12.1873,12.6754,-0.488142
SHITOMASI,BRISK,SEL_KNN,6,7.50199,15.1783,-7.67628
SHITOMASI,BRISK,SEL_KNN,7,34.3404,9.85209,24.4883
SHITOMASI,BRISK,SEL_KNN,8,18.7875,12.0583,6.72927
SHITOMASI,BRISK,SEL_KNN,9,15.8894,11.5126,4.37676
SHITOMASI,BRISK,SEL_KNN,10,13.7297,14.685,-0.955381
SHITOMASI,BRISK,SEL_KNN,11,10.4914,11.3024,-0.811009
SHITOMASI,BRISK,SEL_KNN,12,10.1,11.6524,-1.55241
SHITOMASI,BRISK,SEL_KNN,13,9.22307,11.7243,-2.50128
SHITOMASI,BRISK,SEL_KNN,14,10.9678,11.5069,-0.539091
SHITOMASI,BRISK,SEL_KNN,15,8.09422,9.33785,-1.24363
SHITOMASI,BRISK,SEL_KNN,16,8.81392,10.7161,-1.90219
SHITOMASI,BRISK,SEL_KNN,17,10.2926,11.4487,-1.15617
SHITOMASI,BRISK,SEL_KNN,18,8.30978,9.12792,-0.818144

SHITOMASI,BRIEF,SEL_NN,1,12.9722,14.4367,-1.46454
SHITOMASI,BRIEF,SEL_NN,2,12.264,14.4019,-2.13789
SHITOMASI,BRIEF,SEL_NN,3,13.9161,9.73978,4.17635
SHITOMASI,BRIEF,SEL_NN,4,14.8865,14.982,-0.0954879
SHITOMASI,BRIEF,SEL_NN,5,12.1873,12.3866,-0.199329
SHITOMASI,BRIEF,SEL_NN,6,7.50199,13.2703,-5.76833
SHITOMASI,BRIEF,SEL_NN,7,34.3404,15.8328,18.5076
SHITOMASI,BRIEF,SEL_NN,8,18.7875,11.8818,6.90569
SHITOMASI,BRIEF,SEL_NN,9,15.8894,11.6421,4.24732
SHITOMASI,BRIEF,SEL_NN,10,13.7297,12.9491,0.780532
SHITOMASI,BRIEF,SEL_NN,11,10.4914,11.4982,-1.00679
SHITOMASI,BRIEF,SEL_NN,12,10.1,11.7515,-1.6515
SHITOMASI,BRIEF,SEL_NN,13,9.22307,11.7197,-2.49661
SHITOMASI,BRIEF,SEL_NN,14,10.9678,11.3557,-0.387933
SHITOMASI,BRIEF,SEL_NN,15,8.09422,12.3397,-4.24546
SHITOMASI,BRIEF,SEL_NN,16,8.81392,9.04476,-0.230832
SHITOMASI,BRIEF,SEL_NN,17,10.2926,11.1382,-0.845641
SHITOMASI,BRIEF,SEL_NN,18,8.30978,8.97434,-0.664557

SHITOMASI,BRIEF,SEL_KNN,1,12.9722,13.8948,-0.922606
SHITOMASI,BRIEF,SEL_KNN,2,12.264,13.1487,-0.884632
SHITOMASI,BRIEF,SEL_KNN,3,13.9161,13.3827,0.533424
SHITOMASI,BRIEF,SEL_KNN,4,14.8865,13.6506,1.23591
SHITOMASI,BRIEF,SEL_KNN,5,12.1873,12.1848,0.0024914
SHITOMASI,BRIEF,SEL_KNN,6,7.50199,13.8952,-6.39324
SHITOMASI,BRIEF,SEL_KNN,7,34.3404,18.3368,16.0037
SHITOMASI,BRIEF,SEL_KNN,8,18.7875,12.3793,6.4082
SHITOMASI,BRIEF,SEL_KNN,9,15.8894,10.2093,5.68007
SHITOMASI,BRIEF,SEL_KNN,10,13.7297,13.3448,0.384861
SHITOMASI,BRIEF,SEL_KNN,11,10.4914,11.0986,-0.607221
SHITOMASI,BRIEF,SEL_KNN,12,10.1,11.2117,-1.11169
SHITOMASI,BRIEF,SEL_KNN,13,9.22307,12.0205,-2.79744
SHITOMASI,BRIEF,SEL_KNN,14,10.9678,12.1773,-1.20958
SHITOMASI,BRIEF,SEL_KNN,15,8.09422,11.8818,-3.78761
SHITOMASI,BRIEF,SEL_KNN,16,8.81392,10.7212,-1.90727
SHITOMASI,BRIEF,SEL_KNN,17,10.2926,11.0839,-0.791391
SHITOMASI,BRIEF,SEL_KNN,18,8.30978,7.75039,0.55939

SHITOMASI,ORB,SEL_NN,1,12.9722,14.3429,-1.37075
SHITOMASI,ORB,SEL_NN,2,12.264,11.9213,0.342738
SHITOMASI,ORB,SEL_NN,3,13.9161,12.0682,1.84789
SHITOMASI,ORB,SEL_NN,4,14.8865,14.0967,0.789779
SHITOMASI,ORB,SEL_NN,5,12.1873,12.3,-0.112738
SHITOMASI,ORB,SEL_NN,6,7.50199,13.4234,-5.92144
SHITOMASI,ORB,SEL_NN,7,34.3404,12.8653,21.4751
SHITOMASI,ORB,SEL_NN,8,18.7875,12.1304,6.65717
SHITOMASI,ORB,SEL_NN,9,15.8894,11.2285,4.66086
SHITOMASI,ORB,SEL_NN,10,13.7297,13.8117,-0.0820695
SHITOMASI,ORB,SEL_NN,11,10.4914,11.4758,-0.984433
SHITOMASI,ORB,SEL_NN,12,10.1,11.5615,-1.46153
SHITOMASI,ORB,SEL_NN,13,9.22307,11.6524,-2.42936
SHITOMASI,ORB,SEL_NN,14,10.9678,11.8438,-0.876069
SHITOMASI,ORB,SEL_NN,15,8.09422,10.6503,-2.55613
SHITOMASI,ORB,SEL_NN,16,8.81392,9.91297,-1.09904
SHITOMASI,ORB,SEL_NN,17,10.2926,9.5383,0.754252
SHITOMASI,ORB,SEL_NN,18,8.30978,8.19655,0.113229

SHITOMASI,ORB,SEL_KNN,1,12.9722,13.6954,-0.723215
SHITOMASI,ORB,SEL_KNN,2,12.264,12.2338,0.0302134
SHITOMASI,ORB,SEL_KNN,3,13.9161,11.8924,2.02376
SHITOMASI,ORB,SEL_KNN,4,14.8865,12.1319,2.75463
SHITOMASI,ORB,SEL_KNN,5,12.1873,12.1312,0.0560824
SHITOMASI,ORB,SEL_KNN,6,7.50199,13.7589,-6.25692
SHITOMASI,ORB,SEL_KNN,7,34.3404,12.3426,21.9978
SHITOMASI,ORB,SEL_KNN,8,18.7875,12.2022,6.5853
SHITOMASI,ORB,SEL_KNN,9,15.8894,11.2653,4.62408
SHITOMASI,ORB,SEL_KNN,10,13.7297,13.4962,0.233488
SHITOMASI,ORB,SEL_KNN,11,10.4914,11.3027,-0.811276
SHITOMASI,ORB,SEL_KNN,12,10.1,11.2447,-1.14469
SHITOMASI,ORB,SEL_KNN,13,9.22307,12.3436,-3.12052
SHITOMASI,ORB,SEL_KNN,14,10.9678,11.545,-0.577249
SHITOMASI,ORB,SEL_KNN,15,8.09422,10.2592,-2.16496
SHITOMASI,ORB,SEL_KNN,16,8.81392,11.1584,-2.3445
SHITOMASI,ORB,SEL_KNN,17,10.2926,10.8416,-0.54909
SHITOMASI,ORB,SEL_KNN,18,8.30978,8.43174,-0.121958



HARRIS,BRISK,SEL_NN,1,12.9722,nan,nan
HARRIS,BRISK,SEL_NN,2,12.264,0.178141,12.0859
HARRIS,BRISK,SEL_NN,3,13.9161,43.3848,-29.4687
HARRIS,BRISK,SEL_NN,4,14.8865,10.9782,3.90828
HARRIS,BRISK,SEL_NN,5,12.1873,40.9362,-28.749
HARRIS,BRISK,SEL_NN,6,7.50199,38.5563,-31.0543
HARRIS,BRISK,SEL_NN,7,34.3404,10.965,23.3755
HARRIS,BRISK,SEL_NN,8,18.7875,-1.05872,19.8462
HARRIS,BRISK,SEL_NN,9,15.8894,10.5237,5.36569
HARRIS,BRISK,SEL_NN,10,13.7297,nan,nan
HARRIS,BRISK,SEL_NN,11,10.4914,-1.51993,12.0113
HARRIS,BRISK,SEL_NN,12,10.1,-inf,inf
HARRIS,BRISK,SEL_NN,13,9.22307,11.4828,-2.25978
HARRIS,BRISK,SEL_NN,14,10.9678,-11.422,22.3898
HARRIS,BRISK,SEL_NN,15,8.09422,0.218529,7.87569
HARRIS,BRISK,SEL_NN,16,8.81392,31.7763,-22.9623
HARRIS,BRISK,SEL_NN,17,10.2926,nan,nan
HARRIS,BRISK,SEL_NN,18,8.30978,-0.56345,8.87323

HARRIS,BRIEF,SEL_NN,1,12.9722,nan,nan
HARRIS,BRIEF,SEL_NN,2,12.264,10.5,1.76404
HARRIS,BRIEF,SEL_NN,3,13.9161,43.3848,-29.4687
HARRIS,BRIEF,SEL_NN,4,14.8865,9.03176,5.85477
HARRIS,BRIEF,SEL_NN,5,12.1873,48.3849,-36.1976
HARRIS,BRIEF,SEL_NN,6,7.50199,11.7612,-4.2592
HARRIS,BRIEF,SEL_NN,7,34.3404,13.6852,20.6553
HARRIS,BRIEF,SEL_NN,8,18.7875,11.0939,7.69358
HARRIS,BRIEF,SEL_NN,9,15.8894,10.5237,5.36569
HARRIS,BRIEF,SEL_NN,10,13.7297,2.64633,11.0833
HARRIS,BRIEF,SEL_NN,11,10.4914,-0.435643,10.927
HARRIS,BRIEF,SEL_NN,12,10.1,-inf,inf
HARRIS,BRIEF,SEL_NN,13,9.22307,11.4828,-2.25978
HARRIS,BRIEF,SEL_NN,14,10.9678,-12.5237,23.4914
HARRIS,BRIEF,SEL_NN,15,8.09422,5.94058,2.15364
HARRIS,BRIEF,SEL_NN,16,8.81392,14.9546,-6.14067
HARRIS,BRIEF,SEL_NN,17,10.2926,-10.6408,20.9334
HARRIS,BRIEF,SEL_NN,18,8.30978,1.38543,6.92435

HARRIS,ORB,SEL_NN,2,12.264,-25.5913,37.8553
HARRIS,ORB,SEL_NN,3,13.9161,17.1036,-3.18745
HARRIS,ORB,SEL_NN,4,14.8865,0.378836,14.5077
HARRIS,ORB,SEL_NN,5,12.1873,30.6668,-18.4795
HARRIS,ORB,SEL_NN,6,7.50199,-inf,inf
HARRIS,ORB,SEL_NN,7,34.3404,12.2008,22.1396
HARRIS,ORB,SEL_NN,8,18.7875,-2.7224,21.5099
HARRIS,ORB,SEL_NN,9,15.8894,nan,nan
HARRIS,ORB,SEL_NN,10,13.7297,-0.304941,14.0346
HARRIS,ORB,SEL_NN,11,10.4914,nan,nan
HARRIS,ORB,SEL_NN,12,10.1,nan,nan
HARRIS,ORB,SEL_NN,13,9.22307,11.4828,-2.25978
HARRIS,ORB,SEL_NN,14,10.9678,-11.422,22.3898
HARRIS,ORB,SEL_NN,15,8.09422,2.16264,5.93158
HARRIS,ORB,SEL_NN,16,8.81392,8.53774,0.276187
HARRIS,ORB,SEL_NN,17,10.2926,0.233825,10.0587
HARRIS,ORB,SEL_NN,18,8.30978,0.802086,7.50769

HARRIS,FREAK,SEL_NN,11,10.4914,-0.134504,10.6259

HARRIS,SIFT,SEL_NN,1,12.9722,nan,nan
HARRIS,SIFT,SEL_NN,2,12.264,-inf,inf
HARRIS,SIFT,SEL_NN,3,13.9161,12.3821,1.53403
HARRIS,SIFT,SEL_NN,4,14.8865,-9.80345,24.69
HARRIS,SIFT,SEL_NN,5,12.1873,13.3698,-1.18255
HARRIS,SIFT,SEL_NN,6,7.50199,11.7612,-4.2592
HARRIS,SIFT,SEL_NN,7,34.3404,12.2008,22.1396
HARRIS,SIFT,SEL_NN,8,18.7875,11.9377,6.84978
HARRIS,SIFT,SEL_NN,9,15.8894,10.7009,5.18845
HARRIS,SIFT,SEL_NN,10,13.7297,-10.5149,24.2446
HARRIS,SIFT,SEL_NN,11,10.4914,5.8899,4.60151
HARRIS,SIFT,SEL_NN,12,10.1,-inf,inf
HARRIS,SIFT,SEL_NN,13,9.22307,11.5879,-2.36479
HARRIS,SIFT,SEL_NN,14,10.9678,-11.422,22.3898
HARRIS,SIFT,SEL_NN,15,8.09422,7.49799,0.596231
HARRIS,SIFT,SEL_NN,16,8.81392,12.539,-3.72512
HARRIS,SIFT,SEL_NN,17,10.2926,-3.05649,13.349
HARRIS,SIFT,SEL_NN,18,8.30978,2537.45,-2529.14

HARRIS,SIFT,SEL_KNN,1,12.9722,nan,nan
HARRIS,SIFT,SEL_KNN,2,12.264,-inf,inf
HARRIS,SIFT,SEL_KNN,3,13.9161,nan,nan
HARRIS,SIFT,SEL_KNN,4,14.8865,nan,nan
HARRIS,SIFT,SEL_KNN,5,12.1873,30.6668,-18.4795
HARRIS,SIFT,SEL_KNN,6,7.50199,44.7033,-37.2013
HARRIS,SIFT,SEL_KNN,7,34.3404,68.9785,-34.6381
HARRIS,SIFT,SEL_KNN,8,18.7875,11.9377,6.84978
HARRIS,SIFT,SEL_KNN,9,15.8894,2.83446,13.0549
HARRIS,SIFT,SEL_KNN,10,13.7297,nan,nan
HARRIS,SIFT,SEL_KNN,11,10.4914,nan,nan
HARRIS,SIFT,SEL_KNN,12,10.1,-inf,inf
HARRIS,SIFT,SEL_KNN,13,9.22307,-89.1098,98.3328
HARRIS,SIFT,SEL_KNN,14,10.9678,-22.8441,33.8118
HARRIS,SIFT,SEL_KNN,15,8.09422,2.4058,5.68842
HARRIS,SIFT,SEL_KNN,16,8.81392,14.9546,-6.14067
HARRIS,SIFT,SEL_KNN,17,10.2926,nan,nan
HARRIS,SIFT,SEL_KNN,18,8.30978,nan,nan

BRISK,BRISK,SEL_NN,1,12.9722,15.5841,-2.61193
BRISK,BRISK,SEL_NN,2,12.264,16.5454,-4.28134
BRISK,BRISK,SEL_NN,3,13.9161,11.8153,2.10084
BRISK,BRISK,SEL_NN,4,14.8865,14.677,0.209497
BRISK,BRISK,SEL_NN,5,12.1873,26.4464,-14.2592
BRISK,BRISK,SEL_NN,6,7.50199,16.7291,-9.22715
BRISK,BRISK,SEL_NN,7,34.3404,18.365,15.9755
BRISK,BRISK,SEL_NN,8,18.7875,16.9559,1.83165
BRISK,BRISK,SEL_NN,9,15.8894,14.5884,1.30103
BRISK,BRISK,SEL_NN,10,13.7297,14.7387,-1.009
BRISK,BRISK,SEL_NN,11,10.4914,12.8464,-2.35501
BRISK,BRISK,SEL_NN,12,10.1,12.2916,-2.19157
BRISK,BRISK,SEL_NN,13,9.22307,12.7782,-3.55511
BRISK,BRISK,SEL_NN,14,10.9678,11.2881,-0.320307
BRISK,BRISK,SEL_NN,15,8.09422,12.1288,-4.03462
BRISK,BRISK,SEL_NN,16,8.81392,10.3226,-1.50863
BRISK,BRISK,SEL_NN,17,10.2926,9.68809,0.604457
BRISK,BRISK,SEL_NN,18,8.30978,10.8042,-2.49439

BRISK,BRISK,SEL_KNN,1,12.9722,13.031,-0.0588543
BRISK,BRISK,SEL_KNN,2,12.264,21.3097,-9.04566
BRISK,BRISK,SEL_KNN,3,13.9161,15.6932,-1.77703
BRISK,BRISK,SEL_KNN,4,14.8865,15.2031,-0.31659
BRISK,BRISK,SEL_KNN,5,12.1873,26.4299,-14.2426
BRISK,BRISK,SEL_KNN,6,7.50199,17.6743,-10.1723
BRISK,BRISK,SEL_KNN,7,34.3404,16.8563,17.4841
BRISK,BRISK,SEL_KNN,8,18.7875,17.5504,1.23715
BRISK,BRISK,SEL_KNN,9,15.8894,13.8959,1.99347
BRISK,BRISK,SEL_KNN,10,13.7297,13.4121,0.317538
BRISK,BRISK,SEL_KNN,11,10.4914,12.8176,-2.32619
BRISK,BRISK,SEL_KNN,12,10.1,11.2037,-1.1037
BRISK,BRISK,SEL_KNN,13,9.22307,11.8505,-2.62748
BRISK,BRISK,SEL_KNN,14,10.9678,12.0376,-1.06982
BRISK,BRISK,SEL_KNN,15,8.09422,13.1813,-5.08705
BRISK,BRISK,SEL_KNN,16,8.81392,11.2969,-2.48293
BRISK,BRISK,SEL_KNN,17,10.2926,9.2872,1.00535
BRISK,BRISK,SEL_KNN,18,8.30978,10.9372,-2.62746

BRISK,BRIEF,SEL_NN,1,12.9722,13.8215,-0.849391
BRISK,BRIEF,SEL_NN,2,12.264,17.9374,-5.67334
BRISK,BRIEF,SEL_NN,3,13.9161,12.3892,1.52694
BRISK,BRIEF,SEL_NN,4,14.8865,21.8235,-6.93696
BRISK,BRIEF,SEL_NN,5,12.1873,25.9018,-13.7145
BRISK,BRIEF,SEL_NN,6,7.50199,19.1942,-11.6922
BRISK,BRIEF,SEL_NN,7,34.3404,17.8904,16.45
BRISK,BRIEF,SEL_NN,8,18.7875,18.3884,0.399152
BRISK,BRIEF,SEL_NN,9,15.8894,14.9617,0.927722
BRISK,BRIEF,SEL_NN,10,13.7297,12.0114,1.7183
BRISK,BRIEF,SEL_NN,11,10.4914,11.5187,-1.02732
BRISK,BRIEF,SEL_NN,12,10.1,14.1488,-4.04879
BRISK,BRIEF,SEL_NN,13,9.22307,12.8926,-3.6695
BRISK,BRIEF,SEL_NN,14,10.9678,10.3194,0.648372
BRISK,BRIEF,SEL_NN,15,8.09422,11.1036,-3.00941
BRISK,BRIEF,SEL_NN,16,8.81392,12.8491,-4.03522
BRISK,BRIEF,SEL_NN,17,10.2926,11.1959,-0.903379
BRISK,BRIEF,SEL_NN,18,8.30978,9.5183,-1.20852

BRISK,BRIEF,SEL_KNN,1,12.9722,13.8109,-0.838778
BRISK,BRIEF,SEL_KNN,2,12.264,19.5623,-7.29824
BRISK,BRIEF,SEL_KNN,3,13.9161,14.4688,-0.552706
BRISK,BRIEF,SEL_KNN,4,14.8865,25.8379,-10.9514
BRISK,BRIEF,SEL_KNN,5,12.1873,17.0557,-4.86847
BRISK,BRIEF,SEL_KNN,6,7.50199,19.9254,-12.4234
BRISK,BRIEF,SEL_KNN,7,34.3404,17.5726,16.7678
BRISK,BRIEF,SEL_KNN,8,18.7875,18.4531,0.334376
BRISK,BRIEF,SEL_KNN,9,15.8894,16.7517,-0.862271
BRISK,BRIEF,SEL_KNN,10,13.7297,15.9407,-2.21108
BRISK,BRIEF,SEL_KNN,11,10.4914,14.8279,-4.3365
BRISK,BRIEF,SEL_KNN,12,10.1,15.6771,-5.57707
BRISK,BRIEF,SEL_KNN,13,9.22307,13.4222,-4.19915
BRISK,BRIEF,SEL_KNN,14,10.9678,12.7265,-1.75874
BRISK,BRIEF,SEL_KNN,15,8.09422,11.2161,-3.12186
BRISK,BRIEF,SEL_KNN,16,8.81392,13.2538,-4.43987
BRISK,BRIEF,SEL_KNN,17,10.2926,11.4147,-1.1222
BRISK,BRIEF,SEL_KNN,18,8.30978,13.6603,-5.35053

BRISK,ORB,SEL_NN,1,12.9722,13.7021,-0.729962
BRISK,ORB,SEL_NN,2,12.264,16.2471,-3.98307
BRISK,ORB,SEL_NN,3,13.9161,14.0399,-0.12381
BRISK,ORB,SEL_NN,4,14.8865,17.6583,-2.7718
BRISK,ORB,SEL_NN,5,12.1873,24.3697,-12.1824
BRISK,ORB,SEL_NN,6,7.50199,16.8251,-9.32307
BRISK,ORB,SEL_NN,7,34.3404,19.2187,15.1217
BRISK,ORB,SEL_NN,8,18.7875,15.6949,3.09264
BRISK,ORB,SEL_NN,9,15.8894,12.3557,3.53368
BRISK,ORB,SEL_NN,10,13.7297,12.8711,0.858517
BRISK,ORB,SEL_NN,11,10.4914,15.2056,-4.71422
BRISK,ORB,SEL_NN,12,10.1,11.4969,-1.39693
BRISK,ORB,SEL_NN,13,9.22307,11.8551,-2.63207
BRISK,ORB,SEL_NN,14,10.9678,10.8571,0.110652
BRISK,ORB,SEL_NN,15,8.09422,13.3791,-5.28491
BRISK,ORB,SEL_NN,16,8.81392,10.3928,-1.57892
BRISK,ORB,SEL_NN,17,10.2926,9.69689,0.595665
BRISK,ORB,SEL_NN,18,8.30978,11.0227,-2.71296

BRISK,ORB,SEL_KNN,1,12.9722,14.5206,-1.54843
BRISK,ORB,SEL_KNN,2,12.264,18.2699,-6.00587
BRISK,ORB,SEL_KNN,3,13.9161,14.1501,-0.23398
BRISK,ORB,SEL_KNN,4,14.8865,16.3966,-1.51003
BRISK,ORB,SEL_KNN,5,12.1873,19.1438,-6.95653
BRISK,ORB,SEL_KNN,6,7.50199,19.4256,-11.9236
BRISK,ORB,SEL_KNN,7,34.3404,17.9004,16.44
BRISK,ORB,SEL_KNN,8,18.7875,16.897,1.89053
BRISK,ORB,SEL_KNN,9,15.8894,14.6298,1.25963
BRISK,ORB,SEL_KNN,10,13.7297,11.2882,2.44142
BRISK,ORB,SEL_KNN,11,10.4914,13.2661,-2.77468
BRISK,ORB,SEL_KNN,12,10.1,13.1293,-3.02927
BRISK,ORB,SEL_KNN,13,9.22307,11.6599,-2.43683
BRISK,ORB,SEL_KNN,14,10.9678,12.2939,-1.32618
BRISK,ORB,SEL_KNN,15,8.09422,11.297,-3.20274
BRISK,ORB,SEL_KNN,16,8.81392,11.4475,-2.6336
BRISK,ORB,SEL_KNN,17,10.2926,10.2649,0.0276116
BRISK,ORB,SEL_KNN,18,8.30978,13.9005,-5.59077

BRISK,FREAK,SEL_NN,6,7.50199,-0.216395,7.71839
BRISK,FREAK,SEL_NN,7,34.3404,-0.224692,34.5651
BRISK,FREAK,SEL_NN,9,15.8894,-0.199673,16.0891
BRISK,FREAK,SEL_NN,10,13.7297,-0.24784,13.9775
BRISK,FREAK,SEL_NN,12,10.1,-0.223784,10.3238
BRISK,FREAK,SEL_NN,14,10.9678,-0.277339,11.2451
BRISK,FREAK,SEL_NN,15,8.09422,-0.229759,8.32398
BRISK,FREAK,SEL_NN,18,8.30978,-0.243742,8.55352

BRISK,FREAK,SEL_KNN,1,12.9722,-0.239498,13.2117
BRISK,FREAK,SEL_KNN,2,12.264,-0.190785,12.4548
BRISK,FREAK,SEL_KNN,3,13.9161,-0.30584,14.222
BRISK,FREAK,SEL_KNN,6,7.50199,-0.208586,7.71058
BRISK,FREAK,SEL_KNN,7,34.3404,-0.226646,34.5671
BRISK,FREAK,SEL_KNN,8,18.7875,-0.207664,18.9952
BRISK,FREAK,SEL_KNN,9,15.8894,-20.0804,35.9698
BRISK,FREAK,SEL_KNN,10,13.7297,36.2278,-22.4982
BRISK,FREAK,SEL_KNN,11,10.4914,-0.415518,10.9069
BRISK,FREAK,SEL_KNN,12,10.1,21.3335,-11.2335
BRISK,FREAK,SEL_KNN,13,9.22307,11.0276,-1.8045
BRISK,FREAK,SEL_KNN,14,10.9678,-1.42007,12.3878
BRISK,FREAK,SEL_KNN,15,8.09422,-1.67685,9.77107
BRISK,FREAK,SEL_KNN,16,8.81392,-0.249961,9.06388
BRISK,FREAK,SEL_KNN,17,10.2926,1.60095,8.6916
BRISK,FREAK,SEL_KNN,18,8.30978,-1.1699,9.47968

ORB,BRISK,SEL_NN,1,12.9722,17.4836,-4.51142
ORB,BRISK,SEL_NN,2,12.264,15.6278,-3.36376
ORB,BRISK,SEL_NN,3,13.9161,17.4865,-3.57039
ORB,BRISK,SEL_NN,4,14.8865,21.3012,-6.41469
ORB,BRISK,SEL_NN,5,12.1873,36.8808,-24.6936
ORB,BRISK,SEL_NN,6,7.50199,12.9729,-5.47086
ORB,BRISK,SEL_NN,7,34.3404,18.99,15.3504
ORB,BRISK,SEL_NN,8,18.7875,11.1,7.68749
ORB,BRISK,SEL_NN,9,15.8894,11.6285,4.26088
ORB,BRISK,SEL_NN,10,13.7297,15.2808,-1.55118
ORB,BRISK,SEL_NN,11,10.4914,7.95795,2.53345
ORB,BRISK,SEL_NN,12,10.1,47.5656,-37.4656
ORB,BRISK,SEL_NN,13,9.22307,7.97816,1.2449
ORB,BRISK,SEL_NN,14,10.9678,9.66412,1.30364
ORB,BRISK,SEL_NN,15,8.09422,8.7785,-0.68428
ORB,BRISK,SEL_NN,16,8.81392,9.37082,-0.556895
ORB,BRISK,SEL_NN,17,10.2926,18.2132,-7.92065
ORB,BRISK,SEL_NN,18,8.30978,18.295,-9.98526

ORB,BRISK,SEL_KNN,1,12.9722,12.1374,0.834794
ORB,BRISK,SEL_KNN,2,12.264,19.8699,-7.60582
ORB,BRISK,SEL_KNN,3,13.9161,9.25038,4.66575
ORB,BRISK,SEL_KNN,4,14.8865,43.2558,-28.3692
ORB,BRISK,SEL_KNN,5,12.1873,161.726,-149.538
ORB,BRISK,SEL_KNN,6,7.50199,11.1075,-3.60549
ORB,BRISK,SEL_KNN,7,34.3404,16.4045,17.936
ORB,BRISK,SEL_KNN,8,18.7875,10.935,7.8525
ORB,BRISK,SEL_KNN,9,15.8894,158.683,-142.794
ORB,BRISK,SEL_KNN,10,13.7297,19.472,-5.74234
ORB,BRISK,SEL_KNN,11,10.4914,7.40879,3.08262
ORB,BRISK,SEL_KNN,12,10.1,-inf,inf
ORB,BRISK,SEL_KNN,13,9.22307,7.53169,1.69138
ORB,BRISK,SEL_KNN,14,10.9678,20.0719,-9.10415
ORB,BRISK,SEL_KNN,15,8.09422,8.73093,-0.636715
ORB,BRISK,SEL_KNN,16,8.81392,17.4753,-8.66141
ORB,BRISK,SEL_KNN,17,10.2926,8.64751,1.64504
ORB,BRISK,SEL_KNN,18,8.30978,29.89,-21.5802

ORB,BRIEF,SEL_NN,1,12.9722,16.4544,-3.48227
ORB,BRIEF,SEL_NN,2,12.264,17.2421,-4.97805
ORB,BRIEF,SEL_NN,3,13.9161,33.9355,-20.0194
ORB,BRIEF,SEL_NN,4,14.8865,26.3184,-11.4319
ORB,BRIEF,SEL_NN,5,12.1873,26.5288,-14.3415
ORB,BRIEF,SEL_NN,6,7.50199,18.2578,-10.7558
ORB,BRIEF,SEL_NN,7,34.3404,39.9755,-5.63512
ORB,BRIEF,SEL_NN,8,18.7875,31.8478,-13.0603
ORB,BRIEF,SEL_NN,9,15.8894,24.3978,-8.50846
ORB,BRIEF,SEL_NN,10,13.7297,10.8056,2.92408
ORB,BRIEF,SEL_NN,11,10.4914,10.4394,0.0520031
ORB,BRIEF,SEL_NN,12,10.1,16.9024,-6.80245
ORB,BRIEF,SEL_NN,13,9.22307,10.4454,-1.22236
ORB,BRIEF,SEL_NN,14,10.9678,8.67498,2.29278
ORB,BRIEF,SEL_NN,15,8.09422,10.4363,-2.34204
ORB,BRIEF,SEL_NN,16,8.81392,13.5443,-4.73038
ORB,BRIEF,SEL_NN,17,10.2926,20.273,-9.98046
ORB,BRIEF,SEL_NN,18,8.30978,13.2439,-4.93413

ORB,BRIEF,SEL_KNN,1,12.9722,16.4544,-3.48227
ORB,BRIEF,SEL_KNN,2,12.264,-inf,inf
ORB,BRIEF,SEL_KNN,3,13.9161,123.51,-109.593
ORB,BRIEF,SEL_KNN,4,14.8865,14.3467,0.539831
ORB,BRIEF,SEL_KNN,5,12.1873,30.4194,-18.2322
ORB,BRIEF,SEL_KNN,6,7.50199,-83.4887,90.9907
ORB,BRIEF,SEL_KNN,7,34.3404,-inf,inf
ORB,BRIEF,SEL_KNN,8,18.7875,34.6298,-15.8422
ORB,BRIEF,SEL_KNN,9,15.8894,-inf,inf
ORB,BRIEF,SEL_KNN,10,13.7297,24.7861,-11.0565
ORB,BRIEF,SEL_KNN,11,10.4914,22.6009,-12.1095
ORB,BRIEF,SEL_KNN,12,10.1,22.5603,-12.4603
ORB,BRIEF,SEL_KNN,13,9.22307,9.84171,-0.618644
ORB,BRIEF,SEL_KNN,14,10.9678,9.88356,1.0842
ORB,BRIEF,SEL_KNN,15,8.09422,8.34236,-0.248138
ORB,BRIEF,SEL_KNN,16,8.81392,10.2273,-1.41334
ORB,BRIEF,SEL_KNN,17,10.2926,12.1222,-1.82968
ORB,BRIEF,SEL_KNN,18,8.30978,14.1127,-5.80289

ORB,ORB,SEL_NN,1,12.9722,25.429,-12.4569
ORB,ORB,SEL_NN,2,12.264,12.1685,0.0955693
ORB,ORB,SEL_NN,3,13.9161,18.2793,-4.36313
ORB,ORB,SEL_NN,4,14.8865,16.0991,-1.21258
ORB,ORB,SEL_NN,5,12.1873,24.9291,-12.7418
ORB,ORB,SEL_NN,6,7.50199,10.9677,-3.46575
ORB,ORB,SEL_NN,7,34.3404,19.1669,15.1735
ORB,ORB,SEL_NN,8,18.7875,10.0584,8.72911
ORB,ORB,SEL_NN,9,15.8894,18.651,-2.76161
ORB,ORB,SEL_NN,10,13.7297,12.4489,1.28073
ORB,ORB,SEL_NN,11,10.4914,9.00578,1.48562
ORB,ORB,SEL_NN,12,10.1,-inf,inf
ORB,ORB,SEL_NN,13,9.22307,9.45481,-0.231744
ORB,ORB,SEL_NN,14,10.9678,13.7606,-2.79281
ORB,ORB,SEL_NN,15,8.09422,18.4391,-10.3449
ORB,ORB,SEL_NN,16,8.81392,8.87432,-0.0603974
ORB,ORB,SEL_NN,17,10.2926,30.2552,-19.9626
ORB,ORB,SEL_NN,18,8.30978,19.6708,-11.361

ORB,ORB,SEL_KNN,1,12.9722,11.9371,1.03504
ORB,ORB,SEL_KNN,2,12.264,10.7634,1.50059
ORB,ORB,SEL_KNN,3,13.9161,10.66,3.25615
ORB,ORB,SEL_KNN,4,14.8865,12.6112,2.27533
ORB,ORB,SEL_KNN,5,12.1873,58.7163,-46.529
ORB,ORB,SEL_KNN,6,7.50199,19.5874,-12.0854
ORB,ORB,SEL_KNN,7,34.3404,-inf,inf
ORB,ORB,SEL_KNN,8,18.7875,15.702,3.08551
ORB,ORB,SEL_KNN,9,15.8894,-inf,inf
ORB,ORB,SEL_KNN,10,13.7297,-inf,inf
ORB,ORB,SEL_KNN,11,10.4914,8.28796,2.20344
ORB,ORB,SEL_KNN,12,10.1,-inf,inf
ORB,ORB,SEL_KNN,13,9.22307,8.78669,0.436382
ORB,ORB,SEL_KNN,14,10.9678,-inf,inf
ORB,ORB,SEL_KNN,15,8.09422,26.5737,-18.4795
ORB,ORB,SEL_KNN,16,8.81392,13.7901,-4.97616
ORB,ORB,SEL_KNN,17,10.2926,16.6667,-6.37418
ORB,ORB,SEL_KNN,18,8.30978,8.08367,0.226109

ORB,FREAK,SEL_NN,1,12.9722,-0.806541,13.7787
ORB,FREAK,SEL_NN,2,12.264,-0.434166,12.6982
ORB,FREAK,SEL_NN,3,13.9161,-3.68533,17.6015
ORB,FREAK,SEL_NN,4,14.8865,-0.286174,15.1727
ORB,FREAK,SEL_NN,5,12.1873,-0.311662,12.4989
ORB,FREAK,SEL_NN,6,7.50199,7.70296,-0.200971
ORB,FREAK,SEL_NN,7,34.3404,-1.17497,35.5154
ORB,FREAK,SEL_NN,8,18.7875,-7.58407,26.3716
ORB,FREAK,SEL_NN,9,15.8894,-inf,inf
ORB,FREAK,SEL_NN,10,13.7297,4.1723,9.55735
ORB,FREAK,SEL_NN,11,10.4914,14.9055,-4.41412
ORB,FREAK,SEL_NN,12,10.1,15.125,-5.025
ORB,FREAK,SEL_NN,13,9.22307,14.6871,-5.46404
ORB,FREAK,SEL_NN,14,10.9678,-inf,inf
ORB,FREAK,SEL_NN,15,8.09422,7.58211,0.512107
ORB,FREAK,SEL_NN,16,8.81392,10.4631,-1.64918
ORB,FREAK,SEL_NN,17,10.2926,12.1543,-1.86177
ORB,FREAK,SEL_NN,18,8.30978,0.691983,7.6178

ORB,FREAK,SEL_KNN,1,12.9722,0.107848,12.8643
ORB,FREAK,SEL_KNN,2,12.264,-0.396213,12.6603
ORB,FREAK,SEL_KNN,3,13.9161,28.0046,-14.0885
ORB,FREAK,SEL_KNN,4,14.8865,40.5465,-25.66
ORB,FREAK,SEL_KNN,5,12.1873,14.5979,-2.41061
ORB,FREAK,SEL_KNN,6,7.50199,43.5724,-36.0704
ORB,FREAK,SEL_KNN,7,34.3404,-inf,inf
ORB,FREAK,SEL_KNN,8,18.7875,51.6763,-32.8888
ORB,FREAK,SEL_KNN,9,15.8894,12.5208,3.36857
ORB,FREAK,SEL_KNN,10,13.7297,12.4562,1.27346
ORB,FREAK,SEL_KNN,11,10.4914,19.3289,-8.83747
ORB,FREAK,SEL_KNN,12,10.1,73.5847,-63.4847
ORB,FREAK,SEL_KNN,13,9.22307,-inf,inf
ORB,FREAK,SEL_KNN,14,10.9678,236.547,-225.579
ORB,FREAK,SEL_KNN,15,8.09422,0.828714,7.2655
ORB,FREAK,SEL_KNN,16,8.81392,11.9744,-3.16049
ORB,FREAK,SEL_KNN,17,10.2926,nan,nan
ORB,FREAK,SEL_KNN,18,8.30978,12.7386,-4.42883

FAST,BRISK,SEL_NN,1,12.9722,15.1446,-2.17246
FAST,BRISK,SEL_NN,2,12.264,13.8793,-1.61522
FAST,BRISK,SEL_NN,3,13.9161,21.8448,-7.92866
FAST,BRISK,SEL_NN,4,14.8865,14.6,0.286523
FAST,BRISK,SEL_NN,5,12.1873,19.4843,-7.29703
FAST,BRISK,SEL_NN,6,7.50199,26.052,-18.55
FAST,BRISK,SEL_NN,7,34.3404,15.8282,18.5122
FAST,BRISK,SEL_NN,8,18.7875,17.1143,1.6732
FAST,BRISK,SEL_NN,9,15.8894,35.9688,-20.0794
FAST,BRISK,SEL_NN,10,13.7297,14.136,-0.406341
FAST,BRISK,SEL_NN,11,10.4914,13.3711,-2.87971
FAST,BRISK,SEL_NN,12,10.1,12.6137,-2.5137
FAST,BRISK,SEL_NN,13,9.22307,13.2599,-4.03681
FAST,BRISK,SEL_NN,14,10.9678,13.3698,-2.40205
FAST,BRISK,SEL_NN,15,8.09422,12.1791,-4.08489
FAST,BRISK,SEL_NN,16,8.81392,11.4943,-2.68036
FAST,BRISK,SEL_NN,17,10.2926,11.81,-1.51748
FAST,BRISK,SEL_NN,18,8.30978,14.1495,-5.83968

FAST,BRISK,SEL_KNN,1,12.9722,12.5943,0.377831
FAST,BRISK,SEL_KNN,2,12.264,12.3195,-0.0554406
FAST,BRISK,SEL_KNN,3,13.9161,12.2128,1.70337
FAST,BRISK,SEL_KNN,4,14.8865,12.6846,2.20191
FAST,BRISK,SEL_KNN,5,12.1873,13.8363,-1.64904
FAST,BRISK,SEL_KNN,6,7.50199,11.9876,-4.48562
FAST,BRISK,SEL_KNN,7,34.3404,12.8486,21.4918
FAST,BRISK,SEL_KNN,8,18.7875,12.2996,6.48793
FAST,BRISK,SEL_KNN,9,15.8894,12.3653,3.5241
FAST,BRISK,SEL_KNN,10,13.7297,13.5835,0.14616
FAST,BRISK,SEL_KNN,11,10.4914,12.0003,-1.50891
FAST,BRISK,SEL_KNN,12,10.1,12.1142,-2.01423
FAST,BRISK,SEL_KNN,13,9.22307,11.5701,-2.34704
FAST,BRISK,SEL_KNN,14,10.9678,11.3027,-0.334984
FAST,BRISK,SEL_KNN,15,8.09422,11.0677,-2.97346
FAST,BRISK,SEL_KNN,16,8.81392,11.1255,-2.31155
FAST,BRISK,SEL_KNN,17,10.2926,10.2967,-0.00414955
FAST,BRISK,SEL_KNN,18,8.30978,11.6591,-3.3493

FAST,BRIEF,SEL_NN,1,12.9722,11.7538,1.21833
FAST,BRIEF,SEL_NN,2,12.264,11.5723,0.691765
FAST,BRIEF,SEL_NN,3,13.9161,14.1877,-0.271591
FAST,BRIEF,SEL_NN,4,14.8865,13.0276,1.85894
FAST,BRIEF,SEL_NN,5,12.1873,13.4761,-1.28885
FAST,BRIEF,SEL_NN,6,7.50199,13.7648,-6.26284
FAST,BRIEF,SEL_NN,7,34.3404,13.3261,21.0143
FAST,BRIEF,SEL_NN,8,18.7875,12.6038,6.18369
FAST,BRIEF,SEL_NN,9,15.8894,12.2777,3.61171
FAST,BRIEF,SEL_NN,10,13.7297,12.6684,1.06125
FAST,BRIEF,SEL_NN,11,10.4914,11.7438,-1.25239
FAST,BRIEF,SEL_NN,12,10.1,11.3592,-1.2592
FAST,BRIEF,SEL_NN,13,9.22307,12.37,-3.14693
FAST,BRIEF,SEL_NN,14,10.9678,9.92931,1.03846
FAST,BRIEF,SEL_NN,15,8.09422,11.4066,-3.31239
FAST,BRIEF,SEL_NN,16,8.81392,10.6546,-1.84065
FAST,BRIEF,SEL_NN,17,10.2926,10.5959,-0.303329
FAST,BRIEF,SEL_NN,18,8.30978,11.0815,-2.77169

FAST,BRIEF,SEL_KNN,1,12.9722,13.2947,-0.322521
FAST,BRIEF,SEL_KNN,2,12.264,11.6079,0.656157
FAST,BRIEF,SEL_KNN,3,13.9161,16.8548,-2.93869
FAST,BRIEF,SEL_KNN,4,14.8865,13.1218,1.76468
FAST,BRIEF,SEL_KNN,5,12.1873,13.5942,-1.40693
FAST,BRIEF,SEL_KNN,6,7.50199,13.5046,-6.00258
FAST,BRIEF,SEL_KNN,7,34.3404,13.192,21.1484
FAST,BRIEF,SEL_KNN,8,18.7875,13.1535,5.634
FAST,BRIEF,SEL_KNN,9,15.8894,10.1573,5.73209
FAST,BRIEF,SEL_KNN,10,13.7297,12.8765,0.853182
FAST,BRIEF,SEL_KNN,11,10.4914,11.8065,-1.31514
FAST,BRIEF,SEL_KNN,12,10.1,11.5078,-1.4078
FAST,BRIEF,SEL_KNN,13,9.22307,10.8982,-1.67518
FAST,BRIEF,SEL_KNN,14,10.9678,10.6452,0.322602
FAST,BRIEF,SEL_KNN,15,8.09422,11.2648,-3.17059
FAST,BRIEF,SEL_KNN,16,8.81392,10.3224,-1.50847
FAST,BRIEF,SEL_KNN,17,10.2926,10.657,-0.36441
FAST,BRIEF,SEL_KNN,18,8.30978,11.8703,-3.56052

FAST,ORB,SEL_NN,1,12.9722,11.5476,1.42456
FAST,ORB,SEL_NN,2,12.264,11.8457,0.418383
FAST,ORB,SEL_NN,3,13.9161,12.3951,1.52104
FAST,ORB,SEL_NN,4,14.8865,13.7094,1.17712
FAST,ORB,SEL_NN,5,12.1873,16.3967,-4.20941
FAST,ORB,SEL_NN,6,7.50199,12.7683,-5.26633
FAST,ORB,SEL_NN,7,34.3404,13.4681,20.8723
FAST,ORB,SEL_NN,8,18.7875,12.4249,6.36261
FAST,ORB,SEL_NN,9,15.8894,12.1305,3.75891
FAST,ORB,SEL_NN,10,13.7297,12.4675,1.26217
FAST,ORB,SEL_NN,11,10.4914,11.5726,-1.08119
FAST,ORB,SEL_NN,12,10.1,10.7456,-0.645586
FAST,ORB,SEL_NN,13,9.22307,11.9291,-2.70599
FAST,ORB,SEL_NN,14,10.9678,10.6009,0.366824
FAST,ORB,SEL_NN,15,8.09422,11.0293,-2.93504
FAST,ORB,SEL_NN,16,8.81392,10.1039,-1.29002
FAST,ORB,SEL_NN,17,10.2926,9.83969,0.452859
FAST,ORB,SEL_NN,18,8.30978,11.8703,-3.56052

FAST,ORB,SEL_KNN,1,12.9722,12.3202,0.651916
FAST,ORB,SEL_KNN,2,12.264,11.9541,0.309917
FAST,ORB,SEL_KNN,3,13.9161,11.593,2.32317
FAST,ORB,SEL_KNN,4,14.8865,12.7877,2.09887
FAST,ORB,SEL_KNN,5,12.1873,12.7944,-0.607118
FAST,ORB,SEL_KNN,6,7.50199,12.2891,-4.78707
FAST,ORB,SEL_KNN,7,34.3404,13.934,20.4064
FAST,ORB,SEL_KNN,8,18.7875,12.4249,6.36261
FAST,ORB,SEL_KNN,9,15.8894,12.1119,3.77746
FAST,ORB,SEL_KNN,10,13.7297,10.4004,3.3293
FAST,ORB,SEL_KNN,11,10.4914,11.7492,-1.25781
FAST,ORB,SEL_KNN,12,10.1,11.197,-1.097
FAST,ORB,SEL_KNN,13,9.22307,11.6502,-2.42716
FAST,ORB,SEL_KNN,14,10.9678,10.5378,0.429961
FAST,ORB,SEL_KNN,15,8.09422,9.88591,-1.79169
FAST,ORB,SEL_KNN,16,8.81392,10.9057,-2.09177
FAST,ORB,SEL_KNN,17,10.2926,10.9532,-0.660604
FAST,ORB,SEL_KNN,18,8.30978,12.7542,-4.44444



AKAZE,BRISK,SEL_NN,1,12.9722,12.7058,0.266322
AKAZE,BRISK,SEL_NN,2,12.264,14.3888,-2.12476
AKAZE,BRISK,SEL_NN,3,13.9161,13.4142,0.501941
AKAZE,BRISK,SEL_NN,4,14.8865,14.1083,0.778244
AKAZE,BRISK,SEL_NN,5,12.1873,13.8593,-1.67205
AKAZE,BRISK,SEL_NN,6,7.50199,15.0888,-7.58682
AKAZE,BRISK,SEL_NN,7,34.3404,16.3391,18.0013
AKAZE,BRISK,SEL_NN,8,18.7875,14.2764,4.5111
AKAZE,BRISK,SEL_NN,9,15.8894,13.6401,2.24926
AKAZE,BRISK,SEL_NN,10,13.7297,11.021,2.70861
AKAZE,BRISK,SEL_NN,11,10.4914,12.6668,-2.17543
AKAZE,BRISK,SEL_NN,12,10.1,11.2255,-1.12546
AKAZE,BRISK,SEL_NN,13,9.22307,10.3801,-1.15701
AKAZE,BRISK,SEL_NN,14,10.9678,10.5414,0.426413
AKAZE,BRISK,SEL_NN,15,8.09422,10.2765,-2.18228
AKAZE,BRISK,SEL_NN,16,8.81392,9.77468,-0.960759
AKAZE,BRISK,SEL_NN,17,10.2926,9.83672,0.455832
AKAZE,BRISK,SEL_NN,18,8.30978,8.94209,-0.632308

AKAZE,BRISK,SEL_KNN,1,12.9722,13.2817,-0.30959
AKAZE,BRISK,SEL_KNN,2,12.264,18.703,-6.43894
AKAZE,BRISK,SEL_KNN,3,13.9161,13.3659,0.55025
AKAZE,BRISK,SEL_KNN,4,14.8865,16.2996,-1.41308
AKAZE,BRISK,SEL_KNN,5,12.1873,17.3926,-5.20534
AKAZE,BRISK,SEL_KNN,6,7.50199,14.7084,-7.20642
AKAZE,BRISK,SEL_KNN,7,34.3404,15.8833,18.4572
AKAZE,BRISK,SEL_KNN,8,18.7875,13.9229,4.86458
AKAZE,BRISK,SEL_KNN,9,15.8894,13.8225,2.06692
AKAZE,BRISK,SEL_KNN,10,13.7297,11.878,1.85166
AKAZE,BRISK,SEL_KNN,11,10.4914,12.3627,-1.87125
AKAZE,BRISK,SEL_KNN,12,10.1,10.8462,-0.746191
AKAZE,BRISK,SEL_KNN,13,9.22307,10.0855,-0.862457
AKAZE,BRISK,SEL_KNN,14,10.9678,10.9311,0.0366514
AKAZE,BRISK,SEL_KNN,15,8.09422,14.1467,-6.05247
AKAZE,BRISK,SEL_KNN,16,8.81392,11.7996,-2.98567
AKAZE,BRISK,SEL_KNN,17,10.2926,10.6279,-0.335329
AKAZE,BRISK,SEL_KNN,18,8.30978,8.92524,-0.615457

AKAZE,BRIEF,SEL_NN,1,12.9722,13.3774,-0.405287
AKAZE,BRIEF,SEL_NN,2,12.264,15.381,-3.11694
AKAZE,BRIEF,SEL_NN,3,13.9161,13.1413,0.774854
AKAZE,BRIEF,SEL_NN,4,14.8865,14.5957,0.29083
AKAZE,BRIEF,SEL_NN,5,12.1873,15.2791,-3.09182
AKAZE,BRIEF,SEL_NN,6,7.50199,13.6406,-6.13861
AKAZE,BRIEF,SEL_NN,7,34.3404,15.8459,18.4945
AKAZE,BRIEF,SEL_NN,8,18.7875,14.4599,4.32761
AKAZE,BRIEF,SEL_NN,9,15.8894,14.1095,1.77984
AKAZE,BRIEF,SEL_NN,10,13.7297,11.8964,1.83321
AKAZE,BRIEF,SEL_NN,11,10.4914,13.0259,-2.53454
AKAZE,BRIEF,SEL_NN,12,10.1,12.1391,-2.03907
AKAZE,BRIEF,SEL_NN,13,9.22307,10.2486,-1.02551
AKAZE,BRIEF,SEL_NN,14,10.9678,10.1261,0.841701
AKAZE,BRIEF,SEL_NN,15,8.09422,9.15083,-1.05661
AKAZE,BRIEF,SEL_NN,16,8.81392,10.1462,-1.33225
AKAZE,BRIEF,SEL_NN,17,10.2926,9.53873,0.753819
AKAZE,BRIEF,SEL_NN,18,8.30978,8.84385,-0.534069

AKAZE,BRIEF,SEL_KNN,1,12.9722,15.285,-2.31287
AKAZE,BRIEF,SEL_KNN,2,12.264,15.0455,-2.78151
AKAZE,BRIEF,SEL_KNN,3,13.9161,14.9454,-1.02928
AKAZE,BRIEF,SEL_KNN,4,14.8865,13.8482,1.03832
AKAZE,BRIEF,SEL_KNN,5,12.1873,15.0557,-2.86848
AKAZE,BRIEF,SEL_KNN,6,7.50199,14.674,-7.17199
AKAZE,BRIEF,SEL_KNN,7,34.3404,18.7347,15.6057
AKAZE,BRIEF,SEL_KNN,8,18.7875,14.1211,4.66638
AKAZE,BRIEF,SEL_KNN,9,15.8894,17.0444,-1.15498
AKAZE,BRIEF,SEL_KNN,10,13.7297,11.5709,2.15875
AKAZE,BRIEF,SEL_KNN,11,10.4914,13.8294,-3.33798
AKAZE,BRIEF,SEL_KNN,12,10.1,14.774,-4.67401
AKAZE,BRIEF,SEL_KNN,13,9.22307,10.0979,-0.874789
AKAZE,BRIEF,SEL_KNN,14,10.9678,11.0015,-0.0337207
AKAZE,BRIEF,SEL_KNN,15,8.09422,11.7101,-3.61585
AKAZE,BRIEF,SEL_KNN,16,8.81392,10.1205,-1.30657
AKAZE,BRIEF,SEL_KNN,17,10.2926,9.84071,0.451838
AKAZE,BRIEF,SEL_KNN,18,8.30978,9.38663,-1.07685

AKAZE,ORB,SEL_NN,1,12.9722,13.5131,-0.540983
AKAZE,ORB,SEL_NN,2,12.264,15.0918,-2.82777
AKAZE,ORB,SEL_NN,3,13.9161,13.446,0.470136
AKAZE,ORB,SEL_NN,4,14.8865,13.7473,1.13927
AKAZE,ORB,SEL_NN,5,12.1873,14.9725,-2.78527
AKAZE,ORB,SEL_NN,6,7.50199,14.3764,-6.87438
AKAZE,ORB,SEL_NN,7,34.3404,15.7697,18.5708
AKAZE,ORB,SEL_NN,8,18.7875,14.2703,4.51718
AKAZE,ORB,SEL_NN,9,15.8894,14.0096,1.87974
AKAZE,ORB,SEL_NN,10,13.7297,11.4177,2.31199
AKAZE,ORB,SEL_NN,11,10.4914,12.0228,-1.53138
AKAZE,ORB,SEL_NN,12,10.1,11.376,-1.276
AKAZE,ORB,SEL_NN,13,9.22307,10.6851,-1.46198
AKAZE,ORB,SEL_NN,14,10.9678,10.0438,0.923993
AKAZE,ORB,SEL_NN,15,8.09422,9.65714,-1.56293
AKAZE,ORB,SEL_NN,16,8.81392,10.3579,-1.54396
AKAZE,ORB,SEL_NN,17,10.2926,9.24849,1.04406
AKAZE,ORB,SEL_NN,18,8.30978,9.12703,-0.817249

AKAZE,ORB,SEL_KNN,1,12.9722,13.7429,-0.770774
AKAZE,ORB,SEL_KNN,2,12.264,17.2604,-4.99633
AKAZE,ORB,SEL_KNN,3,13.9161,13.1423,0.773845
AKAZE,ORB,SEL_KNN,4,14.8865,16.1015,-1.21496
AKAZE,ORB,SEL_KNN,5,12.1873,15.5178,-3.33057
AKAZE,ORB,SEL_KNN,6,7.50199,17.04,-9.538
AKAZE,ORB,SEL_KNN,7,34.3404,16.9444,17.3961
AKAZE,ORB,SEL_KNN,8,18.7875,17.4498,1.33767
AKAZE,ORB,SEL_KNN,9,15.8894,13.306,2.58343
AKAZE,ORB,SEL_KNN,10,13.7297,11.5619,2.16771
AKAZE,ORB,SEL_KNN,11,10.4914,13.826,-3.33465
AKAZE,ORB,SEL_KNN,12,10.1,15.4359,-5.33592
AKAZE,ORB,SEL_KNN,13,9.22307,10.989,-1.76592
AKAZE,ORB,SEL_KNN,14,10.9678,10.4125,0.555298
AKAZE,ORB,SEL_KNN,15,8.09422,10.3851,-2.29089
AKAZE,ORB,SEL_KNN,16,8.81392,10.3435,-1.52961
AKAZE,ORB,SEL_KNN,17,10.2926,10.4101,-0.117506
AKAZE,ORB,SEL_KNN,18,8.30978,10.2097,-1.89996



AKAZE,AKAZE,SEL_NN,1,12.9722,12.6613,0.310817
AKAZE,AKAZE,SEL_NN,2,12.264,14.9293,-2.66524
AKAZE,AKAZE,SEL_NN,3,13.9161,13.4219,0.494229
AKAZE,AKAZE,SEL_NN,4,14.8865,15.1322,-0.245707
AKAZE,AKAZE,SEL_NN,5,12.1873,16.4699,-4.28263
AKAZE,AKAZE,SEL_NN,6,7.50199,13.1734,-5.67143
AKAZE,AKAZE,SEL_NN,7,34.3404,14.9911,19.3493
AKAZE,AKAZE,SEL_NN,8,18.7875,14.2489,4.5386
AKAZE,AKAZE,SEL_NN,9,15.8894,14.2135,1.67589
AKAZE,AKAZE,SEL_NN,10,13.7297,11.5704,2.15925
AKAZE,AKAZE,SEL_NN,11,10.4914,12.0774,-1.58595
AKAZE,AKAZE,SEL_NN,12,10.1,11.6527,-1.55273
AKAZE,AKAZE,SEL_NN,13,9.22307,10.2077,-0.984586
AKAZE,AKAZE,SEL_NN,14,10.9678,10.6387,0.329037
AKAZE,AKAZE,SEL_NN,15,8.09422,10.7774,-2.68314
AKAZE,AKAZE,SEL_NN,16,8.81392,10.2474,-1.43344
AKAZE,AKAZE,SEL_NN,17,10.2926,9.68538,0.607175
AKAZE,AKAZE,SEL_NN,18,8.30978,8.94254,-0.632763

AKAZE,AKAZE,SEL_KNN,1,12.9722,12.3168,0.655397
AKAZE,AKAZE,SEL_KNN,2,12.264,16.0654,-3.80134
AKAZE,AKAZE,SEL_KNN,3,13.9161,13.1853,0.730842
AKAZE,AKAZE,SEL_KNN,4,14.8865,14.249,0.637566
AKAZE,AKAZE,SEL_KNN,5,12.1873,16.4623,-4.27504
AKAZE,AKAZE,SEL_KNN,6,7.50199,13.8408,-6.33881
AKAZE,AKAZE,SEL_KNN,7,34.3404,15.3277,19.0127
AKAZE,AKAZE,SEL_KNN,8,18.7875,15.6831,3.10437
AKAZE,AKAZE,SEL_KNN,9,15.8894,14.8871,1.00229
AKAZE,AKAZE,SEL_KNN,10,13.7297,12.2822,1.44746
AKAZE,AKAZE,SEL_KNN,11,10.4914,12.5175,-2.02611
AKAZE,AKAZE,SEL_KNN,12,10.1,11.2554,-1.15545
AKAZE,AKAZE,SEL_KNN,13,9.22307,11.0846,-1.86151
AKAZE,AKAZE,SEL_KNN,14,10.9678,11.3418,-0.374005
AKAZE,AKAZE,SEL_KNN,15,8.09422,10.7774,-2.68314
AKAZE,AKAZE,SEL_KNN,16,8.81392,10.5414,-1.72748
AKAZE,AKAZE,SEL_KNN,17,10.2926,9.69762,0.594927
AKAZE,AKAZE,SEL_KNN,18,8.30978,9.70325,-1.39347

SIFT,BRISK,SEL_NN,1,12.9722,-2.19386,15.166
SIFT,BRISK,SEL_NN,2,12.264,28.0356,-15.7716
SIFT,BRISK,SEL_NN,3,13.9161,15.4989,-1.58274
SIFT,BRISK,SEL_NN,4,14.8865,31.555,-16.6685
SIFT,BRISK,SEL_NN,5,12.1873,17.0504,-4.86312
SIFT,BRISK,SEL_NN,6,7.50199,11.2162,-3.71419
SIFT,BRISK,SEL_NN,7,34.3404,18.6988,15.6416
SIFT,BRISK,SEL_NN,8,18.7875,16.4897,2.29782
SIFT,BRISK,SEL_NN,9,15.8894,14.0602,1.82922
SIFT,BRISK,SEL_NN,10,13.7297,10.454,3.27569
SIFT,BRISK,SEL_NN,11,10.4914,13.6564,-3.16497
SIFT,BRISK,SEL_NN,12,10.1,11.3882,-1.28824
SIFT,BRISK,SEL_NN,13,9.22307,13.007,-3.78395
SIFT,BRISK,SEL_NN,14,10.9678,11.1939,-0.226116
SIFT,BRISK,SEL_NN,15,8.09422,9.47865,-1.38443
SIFT,BRISK,SEL_NN,16,8.81392,8.57922,0.2347
SIFT,BRISK,SEL_NN,17,10.2926,9.72749,0.565064
SIFT,BRISK,SEL_NN,18,8.30978,8.81473,-0.504949

SIFT,BRISK,SEL_KNN,1,12.9722,11.7937,1.17844
SIFT,BRISK,SEL_KNN,2,12.264,13.696,-1.43196
SIFT,BRISK,SEL_KNN,3,13.9161,15.5311,-1.61493
SIFT,BRISK,SEL_KNN,4,14.8865,25.1656,-10.2791
SIFT,BRISK,SEL_KNN,5,12.1873,15.734,-3.54672
SIFT,BRISK,SEL_KNN,6,7.50199,10.7762,-3.27416
SIFT,BRISK,SEL_KNN,7,34.3404,18.3796,15.9608
SIFT,BRISK,SEL_KNN,8,18.7875,15.4765,3.31101
SIFT,BRISK,SEL_KNN,9,15.8894,13.647,2.2424
SIFT,BRISK,SEL_KNN,10,13.7297,13.403,0.326699
SIFT,BRISK,SEL_KNN,11,10.4914,12.9654,-2.47403
SIFT,BRISK,SEL_KNN,12,10.1,10.3343,-0.234276
SIFT,BRISK,SEL_KNN,13,9.22307,10.2522,-1.02916
SIFT,BRISK,SEL_KNN,14,10.9678,9.15168,1.81609
SIFT,BRISK,SEL_KNN,15,8.09422,9.05918,-0.964962
SIFT,BRISK,SEL_KNN,16,8.81392,9.08406,-0.270138
SIFT,BRISK,SEL_KNN,17,10.2926,10.4012,-0.108691
SIFT,BRISK,SEL_KNN,18,8.30978,9.36821,-1.05844

SIFT,BRIEF,SEL_NN,1,12.9722,11.6775,1.29468
SIFT,BRIEF,SEL_NN,2,12.264,14.9975,-2.73345
SIFT,BRIEF,SEL_NN,3,13.9161,15.5397,-1.62352
SIFT,BRIEF,SEL_NN,4,14.8865,21.8725,-6.98596
SIFT,BRIEF,SEL_NN,5,12.1873,12.7021,-0.514858
SIFT,BRIEF,SEL_NN,6,7.50199,10.7544,-3.25238
SIFT,BRIEF,SEL_NN,7,34.3404,19.1942,15.1462
SIFT,BRIEF,SEL_NN,8,18.7875,17.0804,1.70714
SIFT,BRIEF,SEL_NN,9,15.8894,14.1544,1.73502
SIFT,BRIEF,SEL_NN,10,13.7297,12.7366,0.993091
SIFT,BRIEF,SEL_NN,11,10.4914,11.2848,-0.793421
SIFT,BRIEF,SEL_NN,12,10.1,9.69305,0.40695
SIFT,BRIEF,SEL_NN,13,9.22307,10.5012,-1.2781
SIFT,BRIEF,SEL_NN,14,10.9678,9.86362,1.10414
SIFT,BRIEF,SEL_NN,15,8.09422,8.53571,-0.44149
SIFT,BRIEF,SEL_NN,16,8.81392,8.40211,0.411817
SIFT,BRIEF,SEL_NN,17,10.2926,8.62812,1.66443
SIFT,BRIEF,SEL_NN,18,8.30978,8.82325,-0.513466

SIFT,BRIEF,SEL_KNN,1,12.9722,12.0019,0.970248
SIFT,BRIEF,SEL_KNN,2,12.264,14.8377,-2.57364
SIFT,BRIEF,SEL_KNN,3,13.9161,15.3619,-1.44579
SIFT,BRIEF,SEL_KNN,4,14.8865,21.1133,-6.22682
SIFT,BRIEF,SEL_KNN,5,12.1873,15.0725,-2.88528
SIFT,BRIEF,SEL_KNN,6,7.50199,12.8006,-5.29856
SIFT,BRIEF,SEL_KNN,7,34.3404,14.9089,19.4315
SIFT,BRIEF,SEL_KNN,8,18.7875,15.8058,2.98172
SIFT,BRIEF,SEL_KNN,9,15.8894,12.1096,3.77974
SIFT,BRIEF,SEL_KNN,10,13.7297,11.3219,2.40779
SIFT,BRIEF,SEL_KNN,11,10.4914,11.9296,-1.43818
SIFT,BRIEF,SEL_KNN,12,10.1,11.433,-1.33302
SIFT,BRIEF,SEL_KNN,13,9.22307,9.27531,-0.0522374
SIFT,BRIEF,SEL_KNN,14,10.9678,11.4239,-0.456146
SIFT,BRIEF,SEL_KNN,15,8.09422,9.28974,-1.19553
SIFT,BRIEF,SEL_KNN,16,8.81392,8.36304,0.450885
SIFT,BRIEF,SEL_KNN,17,10.2926,9.84174,0.450811
SIFT,BRIEF,SEL_KNN,18,8.30978,10.702,-2.39226



SIFT,SIFT,SEL_NN,1,12.9722,11.6786,1.29356
SIFT,SIFT,SEL_NN,2,12.264,19.8304,-7.56641
SIFT,SIFT,SEL_NN,3,13.9161,13.9348,-0.0186244
SIFT,SIFT,SEL_NN,4,14.8865,25.1312,-10.2447
SIFT,SIFT,SEL_NN,5,12.1873,18.4401,-6.25282
SIFT,SIFT,SEL_NN,6,7.50199,13.3393,-5.83727
SIFT,SIFT,SEL_NN,7,34.3404,15.8379,18.5025
SIFT,SIFT,SEL_NN,8,18.7875,-34.7641,53.5516
SIFT,SIFT,SEL_NN,9,15.8894,15.4207,0.468734
SIFT,SIFT,SEL_NN,10,13.7297,12.378,1.35162
SIFT,SIFT,SEL_NN,11,10.4914,12.0448,-1.55339
SIFT,SIFT,SEL_NN,12,10.1,14.0729,-3.97295
SIFT,SIFT,SEL_NN,13,9.22307,10.7314,-1.50835
SIFT,SIFT,SEL_NN,14,10.9678,14.7355,-3.76775
SIFT,SIFT,SEL_NN,15,8.09422,10.0043,-1.91011
SIFT,SIFT,SEL_NN,16,8.81392,9.92335,-1.10943
SIFT,SIFT,SEL_NN,17,10.2926,8.92663,1.36592
SIFT,SIFT,SEL_NN,18,8.30978,9.75418,-1.44441

SIFT,SIFT,SEL_KNN,1,12.9722,11.3857,1.58645
SIFT,SIFT,SEL_KNN,2,12.264,12.5728,-0.308722
SIFT,SIFT,SEL_KNN,3,13.9161,12.8458,1.07034
SIFT,SIFT,SEL_KNN,4,14.8865,19.5895,-4.70298
SIFT,SIFT,SEL_KNN,5,12.1873,12.5985,-0.411237
SIFT,SIFT,SEL_KNN,6,7.50199,11.2969,-3.79488
SIFT,SIFT,SEL_KNN,7,34.3404,13.5735,20.767
SIFT,SIFT,SEL_KNN,8,18.7875,14.6941,4.09337
SIFT,SIFT,SEL_KNN,9,15.8894,13.3986,2.49083
SIFT,SIFT,SEL_KNN,10,13.7297,11.3792,2.35042
SIFT,SIFT,SEL_KNN,11,10.4914,11.2887,-0.797339
SIFT,SIFT,SEL_KNN,12,10.1,11.4077,-1.30769
SIFT,SIFT,SEL_KNN,13,9.22307,10.0082,-0.785094
SIFT,SIFT,SEL_KNN,14,10.9678,10.5761,0.391687
SIFT,SIFT,SEL_KNN,15,8.09422,10.0734,-1.97923
SIFT,SIFT,SEL_KNN,16,8.81392,9.05262,-0.238692
SIFT,SIFT,SEL_KNN,17,10.2926,8.69158,1.60097
SIFT,SIFT,SEL_KNN,18,8.30978,8.92371,-0.613933

